Estudiante,Carné,Sociales,Matemáticas,Música,Promedio
Daisy,221051,89.6,90.2,90.1,89.96666666666665
Raul,555,90.0,89.0,90.0,89.66666666666667
